"Rezepten ","Receipes "
"Rezepten ","dish "
"Rezepten ","Recipe "
"Rezepten ","Video recipe "
"Rezepten ","Recipies "
"Rezepten ","Cooking recipe "
"Rezepten ","Recipie book "
"Rezepten ","Recipes "
"Rezepte ","Receipes "
"Rezepte ","dish "
"Rezepte ","Recipe "
"Rezepte ","Video recipe "
"Rezepte ","Recipies "
"Rezepte ","Cooking recipe "
"Rezepte ","Recipie book "
"Rezepte ","Recipes "
"Kochrezept ","Receipes "
"Kochrezept ","dish "
"Kochrezept ","Recipe "
"Kochrezept ","Video recipe "
"Kochrezept ","Recipies "
"Kochrezept ","Cooking recipe "
"Kochrezept ","Recipie book "
"Kochrezept ","Recipes "
"Rezept ","Receipes "
"Rezept ","dish "
"Rezept ","Recipe "
"Rezept ","Video recipe "
"Rezept ","Recipies "
"Rezept ","Cooking recipe "
"Rezept ","Recipie book "
"Rezept ","Recipes "
"Backrezept ","Receipes "
"Backrezept ","dish "
"Backrezept ","Recipe "
"Backrezept ","Video recipe "
"Backrezept ","Recipies "
"Backrezept ","Cooking recipe "
"Backrezept ","Recipie book "
"Backrezept ","Recipes "
"Kategorie: Schlacht des Siebenjährigen Kriegs ","Battles of the Seven Years' War "
"Bournand ","Bournand "
"NVP ","NVP (disambiguation) "
"Milford (Connecticut) ","Milford (Connecticut) "
"Milford (Connecticut) ","Milford (CT) "
"Milford (Connecticut) ","Milford, New Haven County, Connecticut "
"Milford (Connecticut) ","Milford ct "
"Milford (Connecticut) ","Milford, Connecticut "
"Milford (Connecticut) ","Milford (balance), Connecticut "
"Milford (Connecticut) ","Milford, CT "
"Milford (Connecticut) ","Milford (town), Connecticut "
"Milford (Connecticut) ","Milford "
"Milford (Connecticut) ","List of mayors of Milford, Connecticut "
"Milford (Connecticut) ","Milford (city), Connecticut "
"Milford (Connecticut) ","Milford (balance), New Haven County, Connecticut "
"Milford (Connecticut) ","Milford Connecticut "
"Milford (Connecticut) ","Milford, , Connecticut "
"Milford ","Milford (Connecticut) "
"Milford ","Milford (CT) "
"Milford ","Milford, New Haven County, Connecticut "
"Milford ","Milford ct "
"Milford ","Milford, Connecticut "
"Milford ","Milford (balance), Connecticut "
"Milford ","Milford, CT "
"Milford ","Milford (town), Connecticut "
"Milford ","List of mayors of Milford, Connecticut "
"Milford ","Milford (city), Connecticut "
"Milford ","Milford (balance), New Haven County, Connecticut "
"Milford ","Milford Connecticut "
"Milford ","Milford, , Connecticut "
"Jimani ","El Limón, Independencia "
"Jimani ","Jimaní "
"Jimani ","Jimani "
"Jimani ","Boca de Cachón "
"Jimaní ","El Limón, Independencia "
"Jimaní ","Jimaní "
"Jimaní ","Jimani "
"Jimaní ","Boca de Cachón "
"Owusu-Agyeman ","Owusu-Agyeman "
"Owusu-Agyeman ","Hackman Owusu-Agyeman "
"Hackman Owusu-Agyeman ","Owusu-Agyeman "
"Hackman Owusu-Agyeman ","Hackman Owusu-Agyeman "
"Hackman Owusu-Agyemang ","Owusu-Agyeman "
"Hackman Owusu-Agyemang ","Hackman Owusu-Agyeman "
"Neil Shephard ","Neil Shephard "
"Vorlage: Navigationsleiste Panzerschiffe der Warrior-Klasse (1860) ","Warrior class ironclad "
"Sundborn ","Sundborn "
"Navigationsleiste Whitney Houston ","Template: Whitney Houston "
"Uber Cup 1972 ","1972 Uber Cup "
"Uber Cup 1972 ","1972 "
"GPSBabel ","Gpsbabel "
"GPSBabel ","GPSBabel "
"Stabhochspringer (Weißrussland) ","Category: Belarusian pole vaulters "
"Kategorie: Notar ","Civil law notaries "
"Kategorie: Notar ","Notaries "
"Le Pian-Médoc ","Le Pian-Médoc "
"Le Pian-Médoc ","Le Pian-Medoc "
"Bürgermeister (Rotterdam) ","Category: Mayors of Rotterdam "
"Benutzer: Kubieziel ","Kubieziel "
"Niort ","Niort "
"Mutai ","Mutai "
"The Ukrainians ","Respublika "
"The Ukrainians ","Respublika (album) "
"The Ukrainians ","Respublika (Ukrainians album) "
"The Ukrainians ","Ukrainians (band) "
"The Ukrainians ","The Ukrainians "
"Calendula suffruticosa subsp. maritima ","Trailing Calendula "
"Calendula suffruticosa subsp. maritima ","Sea Marigold "
"Calendula suffruticosa subsp. maritima ","Calendula maritima "
"Hängeringelblume ","Trailing Calendula "
"Hängeringelblume ","Sea Marigold "
"Hängeringelblume ","Calendula maritima "
"Meeresstrand-Ringelblume ","Trailing Calendula "
"Meeresstrand-Ringelblume ","Sea Marigold "
"Meeresstrand-Ringelblume ","Calendula maritima "
"Calendula maritima ","Trailing Calendula "
"Calendula maritima ","Sea Marigold "
"Calendula maritima ","Calendula maritima "
"Hänge-Ringelblume ","Trailing Calendula "
"Hänge-Ringelblume ","Sea Marigold "
"Hänge-Ringelblume ","Calendula maritima "
"Ungureni ","Ungureni "
"Ungureni ","Ungureni (disambiguation) "
"Eustach I. (Boulogne) ","Eustace I, Count of Boulogne "
"Eustach I. (Boulogne) ","Eustace I "
"Eustach I. (Boulogne) ","Eustace I of Boulogne "
"Eustach I. (Boulogne) ","Eustace i of boulogne "
"Eustach I. von Boulogne ","Eustace I, Count of Boulogne "
"Eustach I. von Boulogne ","Eustace I "
"Eustach I. von Boulogne ","Eustace I of Boulogne "
"Eustach I. von Boulogne ","Eustace i of boulogne "
"Eustach I. ","Eustace I, Count of Boulogne "
"Eustach I. ","Eustace I "
"Eustach I. ","Eustace I of Boulogne "
"Eustach I. ","Eustace i of boulogne "
"Etsuko ","Etsuko "
"Benjamin Köhler ","Benjamin Köhler "
"Benjamin Köhler ","Köhler (2) "
"Benjamin Köhler ","Köhler "
"Benjamin Köhler ","Benjamin Kohler "
"Benjamin Köhler ","Köhler (3) "
"Benjamin Köhler ","Benjamin Koehler "
"Köhler, Benjamin ","Benjamin Köhler "
"Köhler, Benjamin ","Köhler (2) "
"Köhler, Benjamin ","Köhler "
"Köhler, Benjamin ","Benjamin Kohler "
"Köhler, Benjamin ","Köhler (3) "
"Köhler, Benjamin ","Benjamin Koehler "
"Liste diffuser Nebel ","List of emission nebula "
"Liste diffuser Nebel ","List of reflection nebulas "
"Liste diffuser Nebel ","List of diffuse nebula "
"Liste diffuser Nebel ","List of diffuse nebulas "
"Liste diffuser Nebel ","List of diffuse nebulae "
"Liste diffuser Nebel ","List of reflection nebulae "
"Liste diffuser Nebel ","List of reflection nebula "
"Liste diffuser Nebel ","List of emission nebulae "
"Liste diffuser Nebel ","List of emission nebulas "
"Liste der diffusen Nebel ","List of emission nebula "
"Liste der diffusen Nebel ","List of reflection nebulas "
"Liste der diffusen Nebel ","List of diffuse nebula "
"Liste der diffusen Nebel ","List of diffuse nebulas "
"Liste der diffusen Nebel ","List of diffuse nebulae "
"Liste der diffusen Nebel ","List of reflection nebulae "
"Liste der diffusen Nebel ","List of reflection nebula "
"Liste der diffusen Nebel ","List of emission nebulae "
"Liste der diffusen Nebel ","List of emission nebulas "
"Miche Professional Cycling Team ","Miche-Silver Cross-Selle Italia "
"Miche Professional Cycling Team ","Miche-Silver Cross "
"Miche Professional Cycling Team ","Miche "
"Miche Professional Cycling Team ","Miche (cycling team) "
"Miche Professional Cycling Team ","Miche-Guerciotti "
"Miche-Guerciotti ","Miche-Silver Cross-Selle Italia "
"Miche-Guerciotti ","Miche-Silver Cross "
"Miche-Guerciotti ","Miche "
"Miche-Guerciotti ","Miche (cycling team) "
"Miche-Guerciotti ","Miche-Guerciotti "
"Miche-Silver Cross-Selle Italia ","Miche-Silver Cross-Selle Italia "
"Miche-Silver Cross-Selle Italia ","Miche-Silver Cross "
"Miche-Silver Cross-Selle Italia ","Miche "
"Miche-Silver Cross-Selle Italia ","Miche (cycling team) "
"Miche-Silver Cross-Selle Italia ","Miche-Guerciotti "
"Miche-Silvercross ","Miche-Silver Cross-Selle Italia "
"Miche-Silvercross ","Miche-Silver Cross "
"Miche-Silvercross ","Miche "
"Miche-Silvercross ","Miche (cycling team) "
"Miche-Silvercross ","Miche-Guerciotti "
"Filmfestival in Kroatien ","Category: Film festivals in Croatia "
"Manvendra Gohil ","Yuvraj Shri Manvendra Singhji Raghubir Singhji Sahib "
"Manvendra Gohil ","Manavendrasingh Gohil "
"Manvendra Gohil ","Manvendra Gohil "
"Manvendra Gohil ","Manavendra Singh Gohil "
"Manvendra Gohil ","Manvendra Singh Gohil "
"Manvendra ","Yuvraj Shri Manvendra Singhji Raghubir Singhji Sahib "
"Manvendra ","Manavendrasingh Gohil "
"Manvendra ","Manvendra Gohil "
"Manvendra ","Manavendra Singh Gohil "
"Manvendra ","Manvendra Singh Gohil "
"Singh Gohil ","Yuvraj Shri Manvendra Singhji Raghubir Singhji Sahib "
"Singh Gohil ","Manavendrasingh Gohil "
"Singh Gohil ","Manvendra Gohil "
"Singh Gohil ","Manavendra Singh Gohil "
"Singh Gohil ","Manvendra Singh Gohil "
"Manvendra Singh Gohil ","Yuvraj Shri Manvendra Singhji Raghubir Singhji Sahib "
"Manvendra Singh Gohil ","Manavendrasingh Gohil "
"Manvendra Singh Gohil ","Manvendra Gohil "
"Manvendra Singh Gohil ","Manavendra Singh Gohil "
"Manvendra Singh Gohil ","Manvendra Singh Gohil "
"Rhede (Ems) ","Rhede, Lower Saxony "
"Rhede (Ems) ","Rhede "
"Rhede (Ems) ","Rhede (Ems) "
"Borsum ","Rhede, Lower Saxony "
"Borsum ","Rhede "
"Borsum ","Rhede (Ems) "
"Borsum (Rhede) ","Rhede, Lower Saxony "
"Borsum (Rhede) ","Rhede "
"Borsum (Rhede) ","Rhede (Ems) "
"Rhede ","Rhede, Lower Saxony "
"Rhede ","Rhede (Ems) "
"Liste der Städte in Myanmar ","List of cities in Myanmar "
"Liste der Städte in Myanmar ","Cities of Burma "
"Liste der Städte in Myanmar ","List of cities in Burma "
"Liste der Städte in Myanmar ","List of Cities in Myanmar "
"Liste der Städte in Birma ","List of cities in Myanmar "
"Liste der Städte in Birma ","Cities of Burma "
"Liste der Städte in Birma ","List of cities in Burma "
"Liste der Städte in Birma ","List of Cities in Myanmar "
"Kategorie: Buchgeschichte ","History of the Book "
"Kategorie: Buchgeschichte ","First books printed "
"Kategorie: Buchgeschichte ","History of books "
"Kategorie: Buchgeschichte ","History of the book "
"Brook Park (Ohio) ","Brookpark, Ohio "
"Brook Park (Ohio) ","Brookpark, oh "
"Brook Park (Ohio) ","Brook Park, Oh "
"Brook Park (Ohio) ","Brook Park "
"Brook Park (Ohio) ","Brook Park (OH) "
"Brook Park (Ohio) ","Brook Park, Ohio "
"Brook Park (Ohio) ","Brookpark, OH "
"Brook Park (Ohio) ","Brook Park, OH "
"Brook Park (Ohio) ","Brook park, oh "
"Brook Park ","Brookpark, Ohio "
"Brook Park ","Brookpark, oh "
"Brook Park ","Brook Park, Oh "
"Brook Park ","Brook Park "
"Brook Park ","Brook Park (OH) "
"Brook Park ","Brook Park, Ohio "
"Brook Park ","Brookpark, OH "
"Brook Park ","Brook Park, OH "
"Brook Park ","Brook park, oh "
"Kaiserin Elisabeth ","SMS Kaiserin Elisabeth "
"SMS Kaiserin Elisabeth ","SMS Kaiserin Elisabeth "
"SMS ''Kaiserin Elisabeth'' ","SMS Kaiserin Elisabeth "
"Kategorie: Clinton County (Michigan) ","Clinton County, MI "
"Kategorie: Clinton County (Michigan) ","Clinton County "
"Kategorie: Clinton County (Michigan) ","Clinton "
"Kategorie: Clinton County (Michigan) ","Clinton County, Michigan "
"St. Francis Bay ","St. Francis Bay "
"St. Francis Bay ","St Francis Bay "
"John Rutledge ","John rutledge "
"John Rutledge ","John Rutledge "
"John Rutledge ","Elizabeth Grimke "
"John Rutledge ","Rutledge "
"Kategorie: Archäologischer Fund (Ägypten) ","Egyptian artefact types "
"NORD.LINK ","NORD.LINK "
"Lyx ","LYX "
"Lyx ",".lyx "
"Lyx ","Lyrix "
"Lyx ","LyX "
"Lyx ","Lyx "
"Lyx ","The LyX Project "
"LyX ","LYX "
"LyX ",".lyx "
"LyX ","Lyrix "
"LyX ","LyX "
"LyX ","Lyx "
"LyX ","The LyX Project "
"Hugo (Sohn Karls des Großen) ","Hugh (abbot of Saint-Quentin) "
"Hugo (Sohn Karls des Großen) ","Hugh, son of Charlemagne "
"Hugo ","Hugh (abbot of Saint-Quentin) "
"Hugo ","Hugh, son of Charlemagne "
"in Oslo ","1954 "
"in Oslo ","1954 World Championships "
"in Oslo ","1954 World Figure Skating Championships "
"Weltmeisterschaft ","1954 World Championships "
"Weltmeisterschaft ","1954 World Figure Skating Championships "
"Eiskunstlauf-Weltmeisterschaft 1954 ","1954 "
"Eiskunstlauf-Weltmeisterschaft 1954 ","1954 World Championships "
"Eiskunstlauf-Weltmeisterschaft 1954 ","1954 World Figure Skating Championships "
"1954 ","1954 World Figure Skating Championships "
"1954 in Oslo ","1954 "
"1954 in Oslo ","1954 World Championships "
"1954 in Oslo ","1954 World Figure Skating Championships "
"Weltmeisterschaft 1954 in Oslo ","1954 "
"Weltmeisterschaft 1954 in Oslo ","1954 World Championships "
"Weltmeisterschaft 1954 in Oslo ","1954 World Figure Skating Championships "
"Wikipedia: Tipp des Tages ","Tip of the day "
"Morning Glory ","Morning Glory (disambiguation) "
"Morning Glory ","Morning Glory (film) "
"Morning Glory ","Morning Glory (song) "
"Morning Glory ","Morning glory (disambiguation) "
"Morning Glory ","Morning Glory (single) "
"Maurice ","Maurice (novel) "
"gleichnamigen Roman ","Maurice "
"gleichnamigen Roman ","Maurice (novel) "
"Maurice (Roman) ","Maurice "
"Maurice (Roman) ","Maurice (novel) "
"Caux-et-Sauzens ","Caux-et-Sauzens "
"Kategorie: Schlucht auf Kreta ","Gorges of Crete "
"Familie von Bodelschwingh ","Bodelschwingh (disambiguation) "
"Familie von Bodelschwingh ","Bodelschwingh "
"Bodelschwingh ","Bodelschwingh (disambiguation) "
"Bodelschwingh ","Bodelschwingh "
"Badoglios ","General Pietro Badoglio "
"Badoglios ","Pietro Badoglio "
"Badoglios ","Marshal Badoglio "
"Badoglios ","Marshall Bodoglio "
"Badoglios ","Marshal Pietro Badoglio "
"Badoglios ","Pietro Badoglio, 1st Duke of Addis Abeba, 1st Marquess of el Sabotino "
"Badoglios ","Pietro Badoglio, 1st Duke of Addis Abeba "
"Badoglios ","Pietro Badoglio, Duke of Addis Abeba "
"Badoglios ","Badoglio "
"Pietro Badoglio ","General Pietro Badoglio "
"Pietro Badoglio ","Pietro Badoglio "
"Pietro Badoglio ","Marshal Badoglio "
"Pietro Badoglio ","Marshall Bodoglio "
"Pietro Badoglio ","Marshal Pietro Badoglio "
"Pietro Badoglio ","Pietro Badoglio, 1st Duke of Addis Abeba, 1st Marquess of el Sabotino "
"Pietro Badoglio ","Pietro Badoglio, 1st Duke of Addis Abeba "
"Pietro Badoglio ","Pietro Badoglio, Duke of Addis Abeba "
"Pietro Badoglio ","Badoglio "
"Badoglio I ","General Pietro Badoglio "
"Badoglio I ","Pietro Badoglio "
"Badoglio I ","Marshal Badoglio "
"Badoglio I ","Marshall Bodoglio "
"Badoglio I ","Marshal Pietro Badoglio "
"Badoglio I ","Pietro Badoglio, 1st Duke of Addis Abeba, 1st Marquess of el Sabotino "
"Badoglio I ","Pietro Badoglio, 1st Duke of Addis Abeba "
"Badoglio I ","Pietro Badoglio, Duke of Addis Abeba "
"Badoglio I ","Badoglio "
"Badoglio ","General Pietro Badoglio "
"Badoglio ","Pietro Badoglio "
"Badoglio ","Marshal Badoglio "
"Badoglio ","Marshall Bodoglio "
"Badoglio ","Marshal Pietro Badoglio "
"Badoglio ","Pietro Badoglio, 1st Duke of Addis Abeba, 1st Marquess of el Sabotino "
"Badoglio ","Pietro Badoglio, 1st Duke of Addis Abeba "
"Badoglio ","Pietro Badoglio, Duke of Addis Abeba "
"Badoglio ","Badoglio "
"Kategorie: State Park in New York ","State parks of New York "
"Macovei ","Macovei (surname) "
"Wireless Village ","Wireless Village "
"Pferdeäpfeltheorie ","Trickle-down "
"Pferdeäpfeltheorie ","Trickledown economics "
"Pferdeäpfeltheorie ","Trickledown "
"Pferdeäpfeltheorie ","Trickle down economics "
"Pferdeäpfeltheorie ","Tax cuts for the rich "
"Pferdeäpfeltheorie ","Trickle-down economics "
"Pferdeäpfeltheorie ","TRICKLEDOWN "
"Pferdeäpfeltheorie ","Trickle down economy "
"Pferdeäpfeltheorie ","Trickles down "
"Pferdeäpfel-Theorie ","Trickle-down "
"Pferdeäpfel-Theorie ","Trickledown economics "
"Pferdeäpfel-Theorie ","Trickledown "
"Pferdeäpfel-Theorie ","Trickle down economics "
"Pferdeäpfel-Theorie ","Tax cuts for the rich "
"Pferdeäpfel-Theorie ","Trickle-down economics "
"Pferdeäpfel-Theorie ","TRICKLEDOWN "
"Pferdeäpfel-Theorie ","Trickle down economy "
"Pferdeäpfel-Theorie ","Trickles down "
"Trickle-Down-Effekt ","Trickle-down "
"Trickle-Down-Effekt ","Trickledown economics "
"Trickle-Down-Effekt ","Trickledown "
"Trickle-Down-Effekt ","Trickle down economics "
"Trickle-Down-Effekt ","Tax cuts for the rich "
"Trickle-Down-Effekt ","Trickle-down economics "
"Trickle-Down-Effekt ","TRICKLEDOWN "
"Trickle-Down-Effekt ","Trickle down economy "
"Trickle-Down-Effekt ","Trickles down "
"Trickle-Down-Effect ","Trickle-down "
"Trickle-Down-Effect ","Trickledown economics "
"Trickle-Down-Effect ","Trickledown "
"Trickle-Down-Effect ","Trickle down economics "
"Trickle-Down-Effect ","Tax cuts for the rich "
"Trickle-Down-Effect ","Trickle-down economics "
"Trickle-Down-Effect ","TRICKLEDOWN "
"Trickle-Down-Effect ","Trickle down economy "
"Trickle-Down-Effect ","Trickles down "
"Rossäpfeltheorie ","Trickle-down "
"Rossäpfeltheorie ","Trickledown economics "
"Rossäpfeltheorie ","Trickledown "
"Rossäpfeltheorie ","Trickle down economics "
"Rossäpfeltheorie ","Tax cuts for the rich "
"Rossäpfeltheorie ","Trickle-down economics "
"Rossäpfeltheorie ","TRICKLEDOWN "
"Rossäpfeltheorie ","Trickle down economy "
"Rossäpfeltheorie ","Trickles down "
"Trickle-down-Theorie ","Trickle-down "
"Trickle-down-Theorie ","Trickledown economics "
"Trickle-down-Theorie ","Trickledown "
"Trickle-down-Theorie ","Trickle down economics "
"Trickle-down-Theorie ","Tax cuts for the rich "
"Trickle-down-Theorie ","Trickle-down economics "
"Trickle-down-Theorie ","TRICKLEDOWN "
"Trickle-down-Theorie ","Trickle down economy "
"Trickle-down-Theorie ","Trickles down "
"Trickle-Down-Theorie ","Trickle-down "
"Trickle-Down-Theorie ","Trickledown economics "
"Trickle-Down-Theorie ","Trickledown "
"Trickle-Down-Theorie ","Trickle down economics "
"Trickle-Down-Theorie ","Tax cuts for the rich "
"Trickle-Down-Theorie ","Trickle-down economics "
"Trickle-Down-Theorie ","TRICKLEDOWN "
"Trickle-Down-Theorie ","Trickle down economy "
"Trickle-Down-Theorie ","Trickles down "
"Pferdeäpfeltheorie ","Trickle-down effect "
"Pferdeäpfeltheorie ","Trickle down effect "
"Pferdeäpfel-Theorie ","Trickle-down effect "
"Pferdeäpfel-Theorie ","Trickle down effect "
"Trickle-Down-Effekt ","Trickle-down effect "
"Trickle-Down-Effekt ","Trickle down effect "
"Trickle-Down-Effect ","Trickle-down effect "
"Trickle-Down-Effect ","Trickle down effect "
"Rossäpfeltheorie ","Trickle-down effect "
"Rossäpfeltheorie ","Trickle down effect "
"Trickle-down-Theorie ","Trickle-down effect "
"Trickle-down-Theorie ","Trickle down effect "
"Trickle-Down-Theorie ","Trickle-down effect "
"Trickle-Down-Theorie ","Trickle down effect "
"Krzemieniewo ","Krzemieniewo "
"Krzemieniewo ","Krzemieniewo, Greater Poland Voivodeship "
"John A. McDowell ","John A. McDowell "
"Plocke ","Kazimierz Plocke "
"Kazimierz Florian Plocke ","Kazimierz Plocke "
"Kazimierz Plocke ","Kazimierz Plocke "
"Joe Gage ","Tim Kincaid "
"Joe Gage ","Joe Gage "
"Joe Gage ","Mac Larson "
"Mac Larson ","Tim Kincaid "
"Mac Larson ","Joe Gage "
"Mac Larson ","Mac Larson "
"Tim Kincaid ","Tim Kincaid "
"Tim Kincaid ","Joe Gage "
"Tim Kincaid ","Mac Larson "
"Kategorie: Pferderennbahn ","Horse racing venues "
"Gegründet 1964 ","Category: 1964 establishments "
"André Luciano da Silva ","Andre Luciano da Silva Pinga "
"André Luciano da Silva ","André Luciano da Silva "
"André Luciano da Silva ","André Luciano da Silva &quot;Pinga&quot; "
"André Luciano da Silva ","Andre da Silva Luciano "
"André Luciano da Silva ","Pinga Andrè Luciano da Silva "
"André Luciano da Silva ","André Luciano da Silva Pinga "
"André Luciano da Silva ","Andre Luciano da Silva &quot;Pinga&quot; "
"André Luciano da Silva ","André da Silva Luciano "
"André Luciano da Silva ","Andre Luciano da Silva "
"André Luciano da Silva ","André Pinga "
"André Luciano da Silva ","Pinga Andre Luciano da Silva "
"André Luciano da Silva ","Pinga "
"André Luciano da Silva ","Andre Pinga "
"André Luciano da Silva ","Pinga (footballer) "
"Pinga ","Andre Luciano da Silva Pinga "
"Pinga ","André Luciano da Silva "
"Pinga ","André Luciano da Silva &quot;Pinga&quot; "
"Pinga ","Andre da Silva Luciano "
"Pinga ","Pinga Andrè Luciano da Silva "
"Pinga ","André Luciano da Silva Pinga "
"Pinga ","Andre Luciano da Silva &quot;Pinga&quot; "
"Pinga ","André da Silva Luciano "
"Pinga ","Andre Luciano da Silva "
"Pinga ","André Pinga "
"Pinga ","Pinga Andre Luciano da Silva "
"Pinga ","Andre Pinga "
"Pinga ","Pinga (footballer) "
"Leon Wegner ","Leon Wegner "
"Dentelles de Montmirail ","Dentelles de Montmirail "
"Dentelles de Montmirail ","Dentelles de montmirail "
"Villafuerte ","Villafuerte (disambiguation) "
"Villafuerte ","Villafuerte "
"Apatit ","Apatites "
"Apatit ","Chlorapatite "
"Apatit ","Apatite "
"Apatit ","Collophane "
"Apatit ","Asparagus Stone "
"Apatit ","Asparagus-stone "
"Victor Skripnik ","Viktor Skrypnyk "
"Victor Skripnik ","Victor Skripnik "
"Victor Skripnik ","Viktor Skripnik "
"Victor Skripnik ","Skrypnyk "
"Skripnik ","Viktor Skrypnyk "
"Skripnik ","Victor Skripnik "
"Skripnik ","Viktor Skripnik "
"Skripnik ","Skrypnyk "
"Viktor Skripnik ","Viktor Skrypnyk "
"Viktor Skripnik ","Victor Skripnik "
"Viktor Skripnik ","Viktor Skripnik "
"Viktor Skripnik ","Skrypnyk "
"Anne ","Anne, duc de Montmorency "
"Anne ","Constable de Montmorency "
"Anne ","Anne de Montmorency (1492-1567) "
"Anne ","Anne of Montmorency "
"Anne ","Montmorency "
"Anne ","Anne, Duc de Montmorency "
"Anne ","Anne, 1st Duke of Montmorency "
"Anne ","Anne, First Duke of Montmorency "
"Anne ","Anne de montmorency "
"Anne ","Anne de Montmorency "
"Anne ","Anne Montmorency "
"Anne ","Montmorency, Anne, First Duke of "
"Anne ","Anne, Duke de Montmorency "
"Anne ","Anne, Duke of Montmorency "
"Anne ","Anne, 1st Duc de Montmorency "
"Anne de Montmorency ","Anne, duc de Montmorency "
"Anne de Montmorency ","Constable de Montmorency "
"Anne de Montmorency ","Anne de Montmorency (1492-1567) "
"Anne de Montmorency ","Anne of Montmorency "
"Anne de Montmorency ","Montmorency "
"Anne de Montmorency ","Anne, Duc de Montmorency "
"Anne de Montmorency ","Anne, 1st Duke of Montmorency "
"Anne de Montmorency ","Anne, First Duke of Montmorency "
"Anne de Montmorency ","Anne de montmorency "
"Anne de Montmorency ","Anne de Montmorency "
"Anne de Montmorency ","Anne Montmorency "
"Anne de Montmorency ","Montmorency, Anne, First Duke of "
"Anne de Montmorency ","Anne, Duke de Montmorency "
"Anne de Montmorency ","Anne, Duke of Montmorency "
"Anne de Montmorency ","Anne, 1st Duc de Montmorency "
"Straße 41 (Island) ","Sæbraut "
"Straße 41 (Island) ","Route 41 (Iceland) "
"Straße 41 (Island) ","Reykjanesbraut "
"Reykjanesbraut ","Sæbraut "
"Reykjanesbraut ","Route 41 (Iceland) "
"Reykjanesbraut ","Reykjanesbraut "
"Palast von Europa ","Maison de l'Europe "
"Palast von Europa ","Palace of europe "
"Palast von Europa ","Palace of Europe "
"Palast von Europa ","Palais de l'europe "
"Palast von Europa ","Palais de l'Europe "
"Palast von Europa ","House of Europe "
"Palast von Europa ","Palais de Europe "
"Europapalast ","Maison de l'Europe "
"Europapalast ","Palace of europe "
"Europapalast ","Palace of Europe "
"Europapalast ","Palais de l'europe "
"Europapalast ","Palais de l'Europe "
"Europapalast ","House of Europe "
"Europapalast ","Palais de Europe "
"Palais de l'Europe ","Maison de l'Europe "
"Palais de l'Europe ","Palace of europe "
"Palais de l'Europe ","Palace of Europe "
"Palais de l'Europe ","Palais de l'europe "
"Palais de l'Europe ","Palais de l'Europe "
"Palais de l'Europe ","House of Europe "
"Palais de l'Europe ","Palais de Europe "
"Couverchel ","Couverchel "
"Automobiles Couverchel ","Couverchel "
"Laubfrösche ","Hyla "
"Laubfrosch ","Hyla "
"Hyla ","Hyla "
"Laubfrösche (Gattung) ","Hyla "
"Luzia Zberg ","Luzia Zberg "
"Tomasz Kucharski ","Tomasz Kucharski "
"Kategorie: Sport 1923 ","1923 "
"Kategorie: Sport 1923 ","1923 in sports "
"Karl Johann Kießling ","Karl Johann Kiessling "
"Johann Kiessling ","Karl Johann Kiessling "
"Karl Johann Kiessling ","Karl Johann Kiessling "
"Johann Kießling ","Karl Johann Kiessling "
"Runnels ","Runnels "
"Zorba ","Zorba (musical) "
"Zorba ","Zorba the Greek "
"Zorba ","Zorba the Greek (musical) "
"Sorbas (Musical) ","Zorba (musical) "
"Sorbas (Musical) ","Zorba "
"Sorbas (Musical) ","Zorba the Greek "
"Sorbas (Musical) ","Zorba the Greek (musical) "
"Sorbas ","Zorba (musical) "
"Sorbas ","Zorba "
"Sorbas ","Zorba the Greek "
"Sorbas ","Zorba the Greek (musical) "
"Marzullo ","Gianluca Marzullo "
"Gianluca Marzullo ","Gianluca Marzullo "
"Aeropos I. (Makedonien) ","Aeropus I of Macedon "
"Aeropos I. (Makedonien) ","Aeropus I "
"Aeropos I. (Makedonien) ","Aeropus i of macedon "
"Aeropos I. ","Aeropus I of Macedon "
"Aeropos I. ","Aeropus I "
"Aeropos I. ","Aeropus i of macedon "
"Jelly d’Arányi ","Jelly Aranyi "
"Jelly d’Arányi ","Jelly d’ Arányi "
"Jelly d’Arányi ","Jelly D'Aranyi "
"Jelly d’Arányi ","Jelly Arányi "
"Jelly d’Arányi ","Jelly d'Aranyi "
"Jelly d’Arányi ","Jelly d'Arányi "
"Arányi ","Jelly Aranyi "
"Arányi ","Jelly d’ Arányi "
"Arányi ","Jelly D'Aranyi "
"Arányi ","Jelly Arányi "
"Arányi ","Jelly d'Aranyi "
"Arányi ","Jelly d'Arányi "
"Jelly d'Arányi ","Jelly Aranyi "
"Jelly d'Arányi ","Jelly d’ Arányi "
"Jelly d'Arányi ","Jelly D'Aranyi "
"Jelly d'Arányi ","Jelly Arányi "
"Jelly d'Arányi ","Jelly d'Aranyi "
"Jelly d'Arányi ","Jelly d'Arányi "
"Vorlage: KMDb Name ","KMDb person "
"Romoly ","Romoly "
"Romoly ","Dealu Stefanitei "
"Romoly ","Romuli "
"Romoly ","Dealu Ştefăniţei "
"Romoly ","Dealul Ștefăniței "
"Romoly ","Szalanca "
"Romuli ","Romoly "
"Romuli ","Dealu Stefanitei "
"Romuli ","Romuli "
"Romuli ","Dealu Ştefăniţei "
"Romuli ","Dealul Ștefăniței "
"Romuli ","Szalanca "
"Kategorie: Raumfahrtmission 1975 ","1975 in spaceflight "
"Nikomachos ","Nicomachus (disambiguation) "
"Nikomachos ","Nicomachean "
"Nikomachos ","Nichomachean "
"Nikomachus ","Nicomachus (disambiguation) "
"Nikomachus ","Nicomachean "
"Nikomachus ","Nichomachean "
"Nicomachos ","Nicomachus (disambiguation) "
"Nicomachos ","Nicomachean "
"Nicomachos ","Nichomachean "
"SI-Stunde ","Halfhour "
"SI-Stunde ","Halfhours "
"SI-Stunde ","hhh "
"SI-Stunde ","Half hours "
"SI-Stunde ","1/2 hours "
"SI-Stunde ","Hour "
"SI-Stunde ","Half-hour "
"SI-Stunde ","Stound "
"SI-Stunde ","Half-hours "
"SI-Stunde ","Italian time "
"SI-Stunde ","🝮 "
"SI-Stunde ","1/2 hour "
"SI-Stunde ","Half hour "
"SI-Stunde ","Time of day "
"Stunde ","Halfhour "
"Stunde ","Halfhours "
"Stunde ","hhh "
"Stunde ","Half hours "
"Stunde ","1/2 hours "
"Stunde ","Hour "
"Stunde ","Half-hour "
"Stunde ","Stound "
"Stunde ","Half-hours "
"Stunde ","Italian time "
"Stunde ","🝮 "
"Stunde ","1/2 hour "
"Stunde ","Half hour "
"Stunde ","Time of day "
"Volle Stunde ","Halfhour "
"Volle Stunde ","Halfhours "
"Volle Stunde ","hhh "
"Volle Stunde ","Half hours "
"Volle Stunde ","1/2 hours "
"Volle Stunde ","Hour "
"Volle Stunde ","Half-hour "
"Volle Stunde ","Stound "
"Volle Stunde ","Half-hours "
"Volle Stunde ","Italian time "
"Volle Stunde ","🝮 "
"Volle Stunde ","1/2 hour "
"Volle Stunde ","Half hour "
"Volle Stunde ","Time of day "
"The Stig ","The Stig's identity "
"The Stig ","The Stig's Identity "
"The Stig ","The Stig Some Say "
"The Stig ","Stigushka "
"The Stig ","The Stig "
"The Stig ","Stig "
"The Stig ","The stig "
"The Stig ","Black Stig "
"Vitellozzo Vitelli ","Vitellozzo Vitelli "
"Vitellozzo Vitelli ","Vitellozzo Cardinal Vitelli "
"Tetrairidiumdodecacarbonyl ","Iridium carbonyl "
"Tetrairidiumdodecacarbonyl ","Iridium dodecacarbonyl "
"Tetrairidiumdodecacarbonyl ","Ir4(CO)12 "
"Tetrairidiumdodecacarbonyl ","Tetrairidium dodecacarbonyl "
"Tetrairidiumdodecacarbonyl ","Ir<sub>4</sub>(CO)<sub>12</sub> "
"Tetrairidiumdodecacarbonyl ","Dodecacarbonyltetrairidium "
"Tetrairidiumdodecacarbonyl ","Iridium(0) carbonyl "
"Internationalen Residualmechanismus für die Ad-hoc-Strafgerichtshöfe ","residual mechanism "
"Internationalen Residualmechanismus für die Ad-hoc-Strafgerichtshöfe ","Mechanism for International Criminal Tribunals "
"Internationalen Residualmechanismus für die Ad-hoc-Strafgerichtshöfe ","International Residual Mechanism for Criminal Tribunals "
"IRMCT ","residual mechanism "
"IRMCT ","Mechanism for International Criminal Tribunals "
"IRMCT ","International Residual Mechanism for Criminal Tribunals "
"Internationale Residualmechanismus für die Ad-hoc-Strafgerichtshöfe ","residual mechanism "
"Internationale Residualmechanismus für die Ad-hoc-Strafgerichtshöfe ","Mechanism for International Criminal Tribunals "
"Internationale Residualmechanismus für die Ad-hoc-Strafgerichtshöfe ","International Residual Mechanism for Criminal Tribunals "
"Internationaler Residualmechanismus für die Ad-hoc-Strafgerichtshöfe ","residual mechanism "
"Internationaler Residualmechanismus für die Ad-hoc-Strafgerichtshöfe ","Mechanism for International Criminal Tribunals "
"Internationaler Residualmechanismus für die Ad-hoc-Strafgerichtshöfe ","International Residual Mechanism for Criminal Tribunals "
"Ara Gallant ","Ara Gallant "
"Geboren 1123 ","Category: 1123 births "
"Kategorie: Ulm ","Ulm, Germany "
"Kategorie: Ulm ","Ulm "
"Kategorie: Ulm ","Ulm displaced persons camp "
"Kategorie: Ulm ","Söflingen "
"Kategorie: Tennis in Aserbaidschan ","Tennis in Azerbaijan "
"Bahnmoeller/Wanderwege in Neuseeland ","New Zealand tramping tracks "
"Bahnmoeller/Wanderwege in Neuseeland ","tramping track "
"Bahnmoeller/Wanderwege in Neuseeland ","New zealand tramping tracks "
"Hreiðar Levy Guðmundsson ","Hreiðar Levy Guðmundsson "
"Hreiðar Levy Guðmundsson ","Hreiðar Guðmundsson "
"Hreiðar Levy Guðmundsson ","Hreidar Gudmundsson "
"Hreidar Gudmundsson ","Hreiðar Levy Guðmundsson "
"Hreidar Gudmundsson ","Hreiðar Guðmundsson "
"Hreidar Gudmundsson ","Hreidar Gudmundsson "
"Hreiðar Guðmundsson ","Hreiðar Levy Guðmundsson "
"Hreiðar Guðmundsson ","Hreiðar Guðmundsson "
"Hreiðar Guðmundsson ","Hreidar Gudmundsson "
"Hreidar Levy Gudmundsson ","Hreiðar Levy Guðmundsson "
"Hreidar Levy Gudmundsson ","Hreiðar Guðmundsson "
"Hreidar Levy Gudmundsson ","Hreidar Gudmundsson "
"Frédéric Dard ","San-Antonio "
"Frédéric Dard ","Frédéric Dard "
"Frédéric Dard ","Frederic Dard "
"Frédéric Charles Antoine Dard ","San-Antonio "
"Frédéric Charles Antoine Dard ","Frédéric Dard "
"Frédéric Charles Antoine Dard ","Frederic Dard "
"Frederic Dard ","San-Antonio "
"Frederic Dard ","Frédéric Dard "
"Frederic Dard ","Frederic Dard "
"Union Arch Bridge ","Union Arch Bridge "
"Union Arch Bridge ","Cabin John Aqueduct "
"Union Arch Bridge ","Union Arch "
"Kultur (Pfalz) ","Category: Culture of the Palatinate "
"Expressway 551 ","Jungang Expressway Branch "
"Expressway 551 (Südkorea) ","Jungang Expressway Branch "
"Jungang Branch Expressway ","Jungang Expressway Branch "
"Altturn ","Stará Turá "
"Altturn ","Stara Tura "
"Altturn ","Ótura "
"Stará Turá ","Stará Turá "
"Stará Turá ","Stara Tura "
"Stará Turá ","Ótura "
"Stara Tura ","Stará Turá "
"Stara Tura ","Stara Tura "
"Stara Tura ","Ótura "
"Ótura ","Stará Turá "
"Ótura ","Stara Tura "
"Ótura ","Ótura "
"Ersterscheinung 1844 ","Category: Publications established in 1844 "
"ESF (Begriffsklärung) ","ESF "
"ESF (Begriffsklärung) ","ESF (disambiguation) "
"Geboren 1360 ","Category: 1360 births "
"Rijksweg 22 ","A22 motorway (Netherlands) "
"Rijksweg 22 ","A22 "
"Kategorie: Fayette County (Kentucky) ","Fayette "
"Kategorie: Fayette County (Kentucky) ","Fayette County "
"Kategorie: Fayette County (Kentucky) ","Fayette County, Virginia "
"Kategorie: Fayette County (Kentucky) ","Fayette County, KY "
"Kategorie: Fayette County (Kentucky) ","Fayette county ky "
"Kategorie: Fayette County (Kentucky) ","Fayette County, Kentucky "
"Waldhouse ","Waldhouse "
"Die Brüder Karamasow (1969) ","The Brothers Karamazov (1969 film) "
"Die Brüder Karamasow (1969) ","The Brothers Karamazov "
"Die Brüder Karamasow ","The Brothers Karamazov (1969 film) "
"Pfalz E.I ","Pfalz E.I "
"Pfalz E.I ","Morane-Saulnier Type H "
"Pfalz E.I ","Pfalz E.V "
"Pfalz E.I ","Pfalz E.VI "
"Pfalz E.I ","Pfalz E.IV "
"Pfalz E.I ","Pflaz E.IV "
"Pfalz E.I ","Pfalz E.II "
"Pfalz E.I ","Morane-Saulnier H "
"Pfalz E.V ","Pfalz E.I "
"Pfalz E.V ","Morane-Saulnier Type H "
"Pfalz E.V ","Pfalz E.V "
"Pfalz E.V ","Pfalz E.VI "
"Pfalz E.V ","Pfalz E.IV "
"Pfalz E.V ","Pflaz E.IV "
"Pfalz E.V ","Pfalz E.II "
"Pfalz E.V ","Morane-Saulnier H "
"Pfalz E.VI ","Pfalz E.I "
"Pfalz E.VI ","Morane-Saulnier Type H "
"Pfalz E.VI ","Pfalz E.V "
"Pfalz E.VI ","Pfalz E.VI "
"Pfalz E.VI ","Pfalz E.IV "
"Pfalz E.VI ","Pflaz E.IV "
"Pfalz E.VI ","Pfalz E.II "
"Pfalz E.VI ","Morane-Saulnier H "
"Pfalz-Eindecker ","Pfalz E.I "
"Pfalz-Eindecker ","Morane-Saulnier Type H "
"Pfalz-Eindecker ","Pfalz E.V "
"Pfalz-Eindecker ","Pfalz E.VI "
"Pfalz-Eindecker ","Pfalz E.IV "
"Pfalz-Eindecker ","Pflaz E.IV "
"Pfalz-Eindecker ","Pfalz E.II "
"Pfalz-Eindecker ","Morane-Saulnier H "
"Pfalz E-Typen ","Pfalz E.I "
"Pfalz E-Typen ","Morane-Saulnier Type H "
"Pfalz E-Typen ","Pfalz E.V "
"Pfalz E-Typen ","Pfalz E.VI "
"Pfalz E-Typen ","Pfalz E.IV "
"Pfalz E-Typen ","Pflaz E.IV "
"Pfalz E-Typen ","Pfalz E.II "
"Pfalz E-Typen ","Morane-Saulnier H "
"Pfalz E.IV ","Pfalz E.I "
"Pfalz E.IV ","Morane-Saulnier Type H "
"Pfalz E.IV ","Pfalz E.V "
"Pfalz E.IV ","Pfalz E.VI "
"Pfalz E.IV ","Pfalz E.IV "
"Pfalz E.IV ","Pflaz E.IV "
"Pfalz E.IV ","Pfalz E.II "
"Pfalz E.IV ","Morane-Saulnier H "
"Pfalz Eindecker ","Pfalz E.I "
"Pfalz Eindecker ","Morane-Saulnier Type H "
"Pfalz Eindecker ","Pfalz E.V "
"Pfalz Eindecker ","Pfalz E.VI "
"Pfalz Eindecker ","Pfalz E.IV "
"Pfalz Eindecker ","Pflaz E.IV "
"Pfalz Eindecker ","Pfalz E.II "
"Pfalz Eindecker ","Morane-Saulnier H "
"Pfalz E.III ","Pfalz E.I "
"Pfalz E.III ","Morane-Saulnier Type H "
"Pfalz E.III ","Pfalz E.V "
"Pfalz E.III ","Pfalz E.VI "
"Pfalz E.III ","Pfalz E.IV "
"Pfalz E.III ","Pflaz E.IV "
"Pfalz E.III ","Pfalz E.II "
"Pfalz E.III ","Morane-Saulnier H "
"Pfalz E.II ","Pfalz E.I "
"Pfalz E.II ","Morane-Saulnier Type H "
"Pfalz E.II ","Pfalz E.V "
"Pfalz E.II ","Pfalz E.VI "
"Pfalz E.II ","Pfalz E.IV "
"Pfalz E.II ","Pflaz E.IV "
"Pfalz E.II ","Pfalz E.II "
"Pfalz E.II ","Morane-Saulnier H "
"Pfalz E.I-VI ","Pfalz E.I "
"Pfalz E.I-VI ","Morane-Saulnier Type H "
"Pfalz E.I-VI ","Pfalz E.V "
"Pfalz E.I-VI ","Pfalz E.VI "
"Pfalz E.I-VI ","Pfalz E.IV "
"Pfalz E.I-VI ","Pflaz E.IV "
"Pfalz E.I-VI ","Pfalz E.II "
"Pfalz E.I-VI ","Morane-Saulnier H "
"Hochstetten-Dhaun ","Hochstetten (Hochstetten-Dhaun) "
"Hochstetten-Dhaun ","Hochstetten-Dhaun "
"Hochstetten-Dhaun ","Hochstetten "
"Hochstetten-Dhaun ","Dhaun "
"Hochstetten-Dhaun ","Salm-Dhaun "
"Hochstetten ","Hochstetten (Hochstetten-Dhaun) "
"Hochstetten ","Hochstetten-Dhaun "
"Hochstetten ","Dhaun "
"Hochstetten ","Salm-Dhaun "
"Dhaun ","Hochstetten (Hochstetten-Dhaun) "
"Dhaun ","Hochstetten-Dhaun "
"Dhaun ","Hochstetten "
"Dhaun ","Dhaun "
"Dhaun ","Salm-Dhaun "
"St. Johannisberg ","Hochstetten (Hochstetten-Dhaun) "
"St. Johannisberg ","Hochstetten-Dhaun "
"St. Johannisberg ","Hochstetten "
"St. Johannisberg ","Dhaun "
"St. Johannisberg ","Salm-Dhaun "
"Dhauner Hof ","Hochstetten (Hochstetten-Dhaun) "
"Dhauner Hof ","Hochstetten-Dhaun "
"Dhauner Hof ","Hochstetten "
"Dhauner Hof ","Dhaun "
"Dhauner Hof ","Salm-Dhaun "
"GAT ","GAT "
"GAT ","Gat "
"GAT ","GAT (disambiguation) "
"GAT ","Gat (disambiguation) "
"GAT ","Gat gun "
"GAT ","G.A.T. "
"Gat ","GAT "
"Gat ","Gat "
"Gat ","GAT (disambiguation) "
"Gat ","Gat (disambiguation) "
"Gat ","Gat gun "
"Gat ","G.A.T. "
"Sorbitz ","Sorbitz "
"Doug Jeffries ","Doug Jeffries "
"Le Chat Noir (Band) ","Le Chat Noir (band) "
"Condor ","SMS Condor "
"SMS ''Condor'' ","SMS Condor "
"SMS Condor ","SMS Condor "
"Melampus ","Melampus "
"Melampus ","Melampos "
"Melampus ","Melampous "
"Melampus (Seher) ","Melampus "
"Melampus (Seher) ","Melampos "
"Melampus (Seher) ","Melampous "
"Tarquinio Merula ","Tarquinio Merula "
"Kategorie: Markgraf (Brandenburg-Ansbach) ","Margraves of Brandenburg-Ansbach "
"1948 ","Basketball "
"1948 ","1948 – basketball – men "
"1948 ","1948 tournament "
"1948 ","Olympic tournament "
"1948 ","Basketball at the 1948 Summer Olympics "
"Basketball ","1948 "
"Basketball ","1948 – basketball – men "
"Basketball ","1948 tournament "
"Basketball ","1948 Summer Olympics "
"Basketball ","1948 London "
"Basketball ","London 1948 "
"Basketball ","1948 Olympic tournament "
"Basketball ","Basketball at the 1948 Summer Olympics "
"Olympia 1948 ","Basketball "
"Olympia 1948 ","Team "
"Olympia 1948 ","1948 – basketball – men "
"Olympia 1948 ","1948 tournament "
"Olympia 1948 ","Team competition "
"Olympia 1948 ","Olympic tournament "
"Olympia 1948 ","1948 London "
"Olympia 1948 ","1948 Olympic tournament "
"Olympia 1948 ","Basketball at the 1948 Summer Olympics "
"Olympische Sommerspiele 1948/Basketball ","Basketball "
"Olympische Sommerspiele 1948/Basketball ","1948 "
"Olympische Sommerspiele 1948/Basketball ","Team "
"Olympische Sommerspiele 1948/Basketball ","1948 – basketball – men "
"Olympische Sommerspiele 1948/Basketball ","1948 tournament "
"Olympische Sommerspiele 1948/Basketball ","1948 Summer Olympics "
"Olympische Sommerspiele 1948/Basketball ","Team competition "
"Olympische Sommerspiele 1948/Basketball ","Olympic tournament "
"Olympische Sommerspiele 1948/Basketball ","1948 London "
"Olympische Sommerspiele 1948/Basketball ","Team Competition "
"Olympische Sommerspiele 1948/Basketball ","London 1948 "
"Olympische Sommerspiele 1948/Basketball ","1948 Olympic tournament "
"Olympische Sommerspiele 1948/Basketball ","Basketball at the 1948 Summer Olympics "
"Konitzer Mordaffäre ","Konitz Affair "
"Ritualmord Konitz ","Konitz Affair "
"Blutmord Konitz ","Konitz Affair "
"Konitzer Ritualmordvorwurf ","Konitz Affair "
"Terminator 2 ","Terminator 2: Judgment Day "
"Terminator 2 – Tag der Abrechnung ","Terminator 2: Judgment Day "
"Terminator 2 - Tag der Abrechnung ","Terminator 2: Judgment Day "
"Terminator 2 ","World Cinema Writer/T "
"Terminator 2 – Tag der Abrechnung ","World Cinema Writer/T "
"Terminator 2 - Tag der Abrechnung ","World Cinema Writer/T "
"Richard Sorabji ","Richard Ruston Kharsedji Sorabji "
"Richard Sorabji ","Richard Sorabji "
"Kategorie: Person (Vitoria-Gasteiz) ","People from Vitoria-Gasteiz "
"Penumbra ","Penumbra (disambiguation) "
"Kategorie: Gegründet 1120 ","1120 establishments "
"Megabyzos ","Megabyzus "
"Megabyzos II. ","Megabyzus "
"Siegel von Delaware ","Liberty and Independence "
"Siegel von Delaware ","Great Seal of the State of Delaware "
"Siegel von Delaware ","Liberty and independence "
"Siegel von Delaware ","Seal of Delaware "
"Siegel von Delaware ","Coat of arms of Delaware "
"Siegel von Delaware ","Seal of delaware "
"Siegel Delawares ","Liberty and Independence "
"Siegel Delawares ","Great Seal of the State of Delaware "
"Siegel Delawares ","Liberty and independence "
"Siegel Delawares ","Seal of Delaware "
"Siegel Delawares ","Coat of arms of Delaware "
"Siegel Delawares ","Seal of delaware "
"Frauenkopf ","Frauenkopf "
"Eli Perry ","Eli Perry "
"Jourdren ","Geoffrey Jourdren "
"Geoffrey Jourdren ","Geoffrey Jourdren "
"Erwin Hauer ","Erwin Hauer "
"Kategorie: Steuerrecht (Vereinigtes Königreich) ","UK Income Tax "
"Kategorie: Steuerrecht (Vereinigtes Königreich) ","UK taxation "
"Kategorie: Steuerrecht (Vereinigtes Königreich) ","non-domiciled status "
"Kategorie: Steuerrecht (Vereinigtes Königreich) ","UK income tax "
"Kategorie: Steuerrecht (Vereinigtes Königreich) ","United Kingdom tax law "
"Kategorie: Steuerrecht (Vereinigtes Königreich) ","Income tax in the United Kingdom "
"Kategorie: Steuerrecht (Vereinigtes Königreich) ","Income tax uk "
"Kategorie: Steuerrecht (Vereinigtes Königreich) ","Tax in the United Kingdom "
"Kategorie: Steuerrecht (Vereinigtes Königreich) ","Taxation in Northern Ireland "
"Kategorie: Steuerrecht (Vereinigtes Königreich) ","Non dom "
"Kategorie: Steuerrecht (Vereinigtes Königreich) ","Taxation in England "
"Kategorie: Steuerrecht (Vereinigtes Königreich) ","Taxation in the United Kingdom of Great Britain and Northern Ireland "
"Kategorie: Steuerrecht (Vereinigtes Königreich) ","income tax "
"Kategorie: Steuerrecht (Vereinigtes Königreich) ","UK tax system "
"Kategorie: Steuerrecht (Vereinigtes Königreich) ","Tax in the UK "
"Kategorie: Steuerrecht (Vereinigtes Königreich) ","Taxation in the UK "
"Kategorie: Steuerrecht (Vereinigtes Königreich) ","Taxation in the United Kingdom "
"Kategorie: Steuerrecht (Vereinigtes Königreich) ","UK tax "
"Kategorie: Steuerrecht (Vereinigtes Königreich) ","Income Tax UK "
"Kategorie: Steuerrecht (Vereinigtes Königreich) ","Uk tax system "
"Kategorie: Steuerrecht (Vereinigtes Königreich) ","Taxation in UK "
"Kategorie: Steuerrecht (Vereinigtes Königreich) ","UK tax brackets "
"Kategorie: Steuerrecht (Vereinigtes Königreich) ","UK tax law "
"Kategorie: Steuerrecht (Vereinigtes Königreich) ","Income Tax in the United Kingdom "
"Kategorie: Steuerrecht (Vereinigtes Königreich) ","Non-dom "
"Kategorie: Steuerrecht (Vereinigtes Königreich) ","taxation "
"Kategorie: Steuerrecht (Vereinigtes Königreich) ","Taxation in the united kingdom "
"Kategorie: Steuerrecht (Vereinigtes Königreich) ","Taxation in United Kingdom "
"Pongola ","Pongola "
"Pongola ","Phongolo River "
"Pongola ","Phongolo "
"Pongola ","Pongola River "
"Pongola (Fluss) ","Pongola "
"Pongola (Fluss) ","Phongolo River "
"Pongola (Fluss) ","Phongolo "
"Pongola (Fluss) ","Pongola River "
"B-2 ","B2 (disambiguation) "
"B-2 ","B.II "
